id,feature,page,v2_location,v3_location,change_type,locator,batch,status,covering_tests
1,跳至主要內容；切頁時捲到頂，並把焦點移到 main,殼層,dashboard.tsx:507、192–197,不變,保留,#main-content（tabIndex=-1）、.skip-link,V3-3,v2 基準已盤點；待 V3-3 逐列打勾,app-smoke.test.tsx、e2e/revamp-r1-layout.spec.ts、e2e/workspace.spec.ts
2,側欄 7 項導覽（aria-current）,殼層,dashboard.tsx:48–53、511,側欄分 4 組；≤ 767px 改成底部分頁列（總覽、健檢、待辦、會議、更多）（變更說明：「待辦與決議」改「待辦」，D-V3-4）,搬移＋改名,桌機側欄 nav[aria-label=主要導覽]；手機底部列依 M6 二選一：只渲染其中一個 nav，或手機列改用不同的 aria-label（例如「手機導覽」）；aria-current=page；新增 nav-group-{id}、mobile-tabbar,V3-3,v2 基準已盤點；待 V3-3 逐列打勾,e2e/replacement-helpers.ts、e2e/revamp-r1-layout.spec.ts、e2e/revamp-r6.spec.ts
3,#validation 開發者驗證頁（hashchange），含資料集選擇（示範、golden、missing-cogs、missing-ad、duplicate 等 5 個）與「載入」,殼層,dashboard.tsx:54–57、155–168、555–561,桌機：側欄最底的「開發者」分組，只在 #validation 時出現；手機：底部分頁列「更多」面板的「開發者驗證」項目，同樣只在 #validation 時出現（§7.0）。資料集選擇與載入不變,搬移,validation-panel；390×844 E2E 驗證離開驗證頁後可以從「更多」回來,V3-3,v2 基準已盤點；待 V3-3 逐列打勾,e2e/manager-presentation.spec.ts、e2e/replacement-helpers.ts、relaunch.test.ts、v3-0:collect-testids.spec.ts
4,品牌字標與副標,殼層,側欄頂,頂欄左側字標；副標「營運決策工作台」只出現在 <title> 與 SEO meta,搬移,.brand-mark,V3-3,v2 基準已盤點；待 V3-3 逐列打勾,app-smoke.test.tsx、e2e/revamp-r1-layout.spec.ts、e2e/revamp-r6.spec.ts、manager-summary.test.ts、meeting.test.ts、pptx-export.test.ts、relaunch.test.ts
5,「我的工作區」標籤與資料來源小徽章,殼層,側欄,併入頂欄資料狀態按鈕,合併,新增 data-status,V3-3,v2 基準已盤點；待 V3-3 逐列打勾,e2e/revamp-r1-layout.spec.ts
6,側欄註記（示範資料警語）,殼層,dashboard.tsx:512,資料狀態 popover 第一行「示範資料（虛構）」,合併,data-status-popover,V3-3,v2 基準已盤點；待 V3-3 逐列打勾,e2e/manager-presentation.spec.ts
7,頁尾「新臺幣 · 臺北時間」,殼層,側欄底,全站頁尾「新台幣 · 台北時間」（變更說明：D-V3-6）,搬移＋改名,—,V3-3,v2 基準已盤點；待 V3-3 逐列打勾,e2e/manager-presentation.spec.ts、e2e/revamp-r2-copy.spec.ts、e2e/workspace-storage.spec.ts、relaunch.test.ts
8,麵包屑「工作區 / 頁名」,殼層,頂欄,由 h1 承擔；頁名同時由導覽的 aria-current 傳達,合併,h1,V3-3,v2 基準已盤點；目前找不到覆蓋測試（待補）；待 V3-3 逐列打勾,
9,資料狀態列（ready／partial／loading／error／empty；role=status、aria-live；資料集名、資料到）,殼層,dashboard.tsx:518,頂欄資料狀態按鈕，文字為「示範資料 · 資料到 8/24」；popover 顯示資料集、資料到、問題數，並提供「前往資料來源」「匯入新資料」（變更說明：「資料就緒」改「資料到 {date}」）,搬移＋改名,workspace-status（role=status 放在按鈕文字上）,V3-3,v2 基準已盤點；待 V3-3 逐列打勾,e2e/action-workspace.spec.ts、e2e/ai.spec.ts、e2e/import.spec.ts、e2e/m6-acceptance.spec.ts、e2e/manager-presentation.spec.ts、e2e/manager-summary.spec.ts、e2e/product-comparison.spec.ts、e2e/revamp-r5.spec.ts 等 16 檔
10,清空工作區，經過取代確認 dialog（先保存、放棄並繼續、取消、下載備份、存本機並繼續、確認已下載）,殼層,dashboard.tsx:518 的 clear-button,儲存選單最底的「危險區」：「清空目前資料」,搬移,ReplacementDialog 全部按鈕,V3-3,v2 基準已盤點；待 V3-3 逐列打勾,e2e/action-workspace.spec.ts、e2e/m6-acceptance.spec.ts、e2e/replacement-helpers.ts、e2e/review-v2-a.spec.ts、e2e/scenarios.spec.ts、e2e/workspace-storage.spec.ts、e2e/workspace.spec.ts
11,模式徽章（公開示範版／示範資料／本機匯入）,殼層,dashboard.tsx:520,資料狀態 popover：「公開示範站：計算都在你的瀏覽器完成，沒有使用 AI。」,合併＋改名,data-status-popover,V3-3,v2 基準已盤點；目前找不到覆蓋測試（待補）；待 V3-3 逐列打勾,
12,口徑說明 dialog（頂欄、頁尾、抽屜三個入口）,全站,basis-dialog.tsx,改名「指標定義」，新增搜尋與名詞小辭典（舊名也搜得到）；三個入口都保留,改名,basis-dialog；新增 glossary-search,V3-2,v2 基準已盤點；待 V3-2 逐列打勾,e2e/workspace-storage.spec.ts、testid-baseline.test.ts
13,AI 可用性標籤與 popover（Esc、外部點擊、回焦）,殼層,dashboard.tsx:198–215、522–525,頂欄 12px 文字「AI 未啟用」，點開既有 popover（內容改寫）,保留＋改名,ai-availability（role=status、aria-live）、#ai-availability-detail,V3-3,v2 基準已盤點；待 V3-3 逐列打勾,e2e/revamp-r1-layout.spec.ts
14,儲存選單（下載備份、選檔、讀取本機副本預覽、同意、自動保存、取代確認、存本機、刪除、確認已下載、還原預覽、技術細節、未保存標籤）,殼層,workspace-storage.tsx:213–252,依序分三段：本機保存（同意 checkbox、自動保存開關（同意後才出現，同 v2）、「存在這台電腦」、上次保存時間、「讀取本機副本預覽」（讀 IndexedDB，緊接在 autosave-replace-warning 旁））／備份檔（下載、選取、還原預覽、確認已下載（條件出現）、備份內容的技術細節 <details>）／危險區（刪除本機資料、清空目前資料）。同意與自動保存維持兩個控制；若要依 D7 合併成一個，要另列為「合併」並說明 autosave-toggle 的掛載條件。feature-retention.csv 逐個控制列出（變更說明：內部重排）,保留,workspace-storage、autosave-toggle、autosave-replace-warning、autosave-confirm-replace、autosave-status、storage-notice,V3-3,v2 基準已盤點；待 V3-3 逐列打勾,e2e/action-workspace.spec.ts、e2e/revamp-r1-layout.spec.ts、e2e/revamp-r4.spec.ts、e2e/revamp-r6.spec.ts、e2e/review-v2-a.spec.ts、e2e/workspace-storage.spec.ts、workspace-storage-autosave.test.tsx、v3-0:collect-testids.spec.ts
15,首次本機保存提示、自動保存失敗提示,殼層,workspace-storage.tsx:254–268,位置不變（右下角、非 modal），文案改寫,保留＋改名,local-save-prompt、local-save-replace-warning、local-save-announce、autosave-error,V3-3,v2 基準已盤點；待 V3-3 逐列打勾,e2e/replacement-helpers.ts、e2e/revamp-r1-layout.spec.ts、e2e/revamp-r6.spec.ts、e2e/review-v2-a.spec.ts、e2e/scenarios.spec.ts、e2e/workspace-storage.spec.ts、workspace-storage-autosave.test.tsx、v3-0:collect-testids.spec.ts
16,下載選單（17 個下載項，含預載 Excel writer）,殼層,dashboard.tsx:388–432、528–551,改名「匯出」，依對象分組（§6.5）。頂欄選單只放和頁面 state 無關的項目。各頁的「匯出本頁」是頁內下拉選單，直接呼叫該頁 v2 既有的 handler，保留頁面 state（商品篩選、排序）與會議範圍；不會開啟頂欄選單,改名,download-menu、download-meeting-section、download-templates；新增 export-page-{page},V3-3／V3-7,v2 基準已盤點；待 V3-3／V3-7 逐列打勾,e2e/import-wizard.spec.ts、e2e/replacement-helpers.ts、e2e/revamp-r1-layout.spec.ts、e2e/revamp-r6.spec.ts
17,頂欄選單 Esc 關閉並回焦、外部點擊關閉,殼層,dashboard.tsx:198–215,所有頂欄 popover 共用,保留,.topbar-menu.auto-close,V3-3,v2 基準已盤點；待 V3-3 逐列打勾,e2e/action-workspace.spec.ts、e2e/ai.spec.ts、e2e/import-wizard.spec.ts、e2e/product-comparison.spec.ts、e2e/revamp-r1-layout.spec.ts、e2e/revamp-r2-copy.spec.ts、e2e/revamp-r4.spec.ts、e2e/revamp-r6.spec.ts 等 15 檔
18,期間列：通路、5 個快捷（aria-pressed，aria-disabled＋理由）、比較方式、4 個日期、套用；sticky,殼層,dashboard.tsx:334–349、564–578,單列：通路 ▾｜快捷分段鈕｜期間摘要｜「自訂期間」popover（比較方式、4 個日期、套用）；手機改成一顆按鈕，點開底部面板。桌機與手機是同一份 DOM，只用 CSS 重新定位，日期欄位 id 只有一份（M6）,收合,preset-reason-visible-yoy、#previous-start、#previous-end、#current-start、#current-end；新增 period-summary、period-custom,V3-3,v2 基準已盤點；待 V3-3 逐列打勾,backup-schema-v4.test.ts、e2e/action-workspace.spec.ts、e2e/ai.spec.ts、e2e/revamp-r1-layout.spec.ts、e2e/revamp-r4.spec.ts、e2e/revamp-r5.spec.ts、e2e/revamp-r6.spec.ts、import-wizard.test.ts 等 18 檔
19,「目前範圍：…」整行範圍說明（含通路別名、比較方式、資料到）,殼層,labels 的 scopeNote,併入期間列的期間摘要文字。可見文字只寫期間與天數；通路名稱由期間列的通路 select 顯示，比較方式（等天數或整月）與完整範圍字串放在 period-summary 的 title 與 sr-only 文字。.scope-note class 因此不保留，相關的 locator 斷言（revamp-r1-layout、revamp-r2-copy、period-comparison、manager-presentation 等 spec）在 V3-3 同批改成 period-summary testid，並改寫 revamp-r2-copy.spec.ts:77 對通路別名的斷言（改斷言 sr-only 文字或通路 select）,合併,period-summary,V3-3,v2 基準已盤點；待 V3-3 逐列打勾,e2e/manager-presentation.spec.ts、e2e/period-comparison.spec.ts、e2e/revamp-r1-layout.spec.ts、e2e/revamp-r2-copy.spec.ts
20,篩選錯誤 alert；partial 黃條加「看 n 項資料問題」,殼層,dashboard.tsx:576–578,期間列下方的「需要處理橫幅」固定位置，只在需要時出現,保留＋改名,role=alert 保留,V3-3,v2 基準已盤點；目前找不到覆蓋測試（待補）；待 V3-3 逐列打勾,
21,空狀態、載入骨架（aria-busy）、錯誤狀態（重新載入、回到上次成功資料、問題清單）,全站,dashboard.tsx:580–582,依 §7.10 改版，四種狀態等高,保留＋改名,aria-busy,V3-3,v2 基準已盤點；待 V3-3 逐列打勾,e2e/manager-presentation.spec.ts、e2e/workspace.spec.ts
22,離開頁面時的未保存警告（beforeunload）,全站,dashboard.tsx:139–145,不變,保留,—,V3-3,v2 基準已盤點；待 V3-3 逐列打勾,e2e/ai.spec.ts、e2e/import.spec.ts、e2e/m6-acceptance.spec.ts、e2e/review-v2-a.spec.ts、e2e/scenarios.spec.ts、e2e/workspace-storage.spec.ts
23,頁首「匯入資料」按鈕（每頁都有）,殼層,dashboard.tsx:554,資料來源頁頁首的主要按鈕；其他頁改從資料狀態 popover 的「匯入新資料」進入（≤ 2 次點擊）；空狀態也有,搬移,page-import,V3-3,V3-0 已補 page-import（只加屬性）；待 V3-3 新增 data-status-import,e2e/import-wizard-helpers.ts、e2e/import-wizard.spec.ts、e2e/m6-acceptance.spec.ts、e2e/manager-presentation.spec.ts、e2e/revamp-r4.spec.ts、testid-baseline.test.ts
24,KPI 五卡（本期、上期、差額、成長率，每個數字都能開明細）,經營總覽,overview.tsx:73–90,經營總覽的「KPI 帶」（C1）,保留,kpi-net_revenue、kpi-gross_profit、kpi-contribution_before_marketing、kpi-contribution_after_marketing、kpi-contribution_margin,V3-4,v2 基準已盤點；待 V3-4 逐列打勾,app-smoke.test.tsx、e2e/import-guidance.spec.ts、e2e/import-wizard.spec.ts、e2e/import.spec.ts、e2e/manager-presentation.spec.ts、e2e/period-comparison.spec.ts、e2e/product-comparison.spec.ts、e2e/revamp-r1-layout.spec.ts 等 13 檔
25,目標達成行（期間相符與期間不符兩態）、廣告預算達成,經營總覽,overview.tsx:42–53、101,期間相符：KPI 帶每格底部顯示實際／目標／差額＋細橫條（C18）；期間不符：同一位置保留一行提示（v2 的 mismatchText，指出最近一筆目標的期間）。兩態的目標文字都保持 number-link，可開抽屜追溯到 targets.csv。廣告預算達成放在「其他常用指標」表「廣告佔淨營收」列下方（KPI 帶沒有廣告費格）（變更說明：廣告預算達成）,保留＋搬移,kpi-target-{metric}、kpi-target-ad_spend,V3-4,v2 基準已盤點；待 V3-4 逐列打勾,e2e/revamp-r4.spec.ts
26,輔助指標 7 格（assist-kpi-v1）,經營總覽,overview.tsx:92–104,「其他常用指標」兩欄緊湊表（C2：本期、上期；本期與上期都是 number-link；不新增差額欄，維持 assist-kpi-v1 的輸出不變）,改名,assist-kpis、assist-{id},V3-4,v2 基準已盤點；待 V3-4 逐列打勾,assist-kpi.test.ts、e2e/revamp-r4.spec.ts、excel-export.test.ts、export.test.ts
27,本期三件事（標題、範圍、影響、原因、下一步、注意、相關範圍、看證據、加入待辦、未列出數、調整門檻）,經營總覽,top-three.tsx:46–75,總覽區塊 4（§7.1）：3 列警示列（C9 摘要型），原因與下一步在列內第二行；限制句與相關範圍放進列內的「更多」；「調整門檻」收進標題列右側的 popover（變更說明：限制句、門檻）,保留＋收合,top-three、overview-priority-{rule},V3-4,v2 基準已盤點；待 V3-4 逐列打勾,diagnosis-list.test.ts、e2e/revamp-r1-layout.spec.ts、e2e/revamp-r4.spec.ts
28,每週趨勢折線、檔期區帶、tooltip、數據表,經營總覽,overview.tsx:108–120,總覽區塊 7；圖上方先放期間合計與最近完整週（C16）,保留,trend-events、#trend-title、.chart-frame[aria-hidden]、.data-alternative,V3-4,v2 基準已盤點；待 V3-4 逐列打勾,e2e/revamp-r1-layout.spec.ts、e2e/revamp-r4.spec.ts
29,貢獻變化拆解（總差額、九項、對帳標籤、數據表）,經營總覽,overview.tsx:123–129,總覽區塊 5：瀑布圖＋橋接表＋平衡檢核（C17）（變更說明：圖型改瀑布）,保留,#bridge-title；新增 bridge-waterfall、bridge-table、bridge-balance-check,V3-4,v2 基準已盤點；待 V3-4 逐列打勾,domain-acceptance.test.ts、e2e/import.spec.ts、e2e/period-comparison.spec.ts、e2e/revamp-r1-layout.spec.ts、e2e/workspace.spec.ts、excel-export.test.ts、export.test.ts、m6-financial-audit.test.ts 等 11 檔
30,通路比較圖，以及每通路的扣廣告後貢獻與貢獻率,經營總覽,overview.tsx:130–134,總覽區塊 8「各通路扣廣告後貢獻」,保留＋改名,#channel-title,V3-4,v2 基準已盤點；待 V3-4 逐列打勾,e2e/revamp-r1-layout.spec.ts、meeting-page.test.tsx
31,期間合計與日均（details，開關狀態在同一工作階段內跨頁保留；這是 React state，dashboard.tsx:187，重新載入不保存）,經營總覽,overview.tsx:137–152,總覽「進階」分組，維持收合（變更說明：同 v2）,收合,period-comparison、#daily-average-title,V3-4,v2 基準已盤點；待 V3-4 逐列打勾,e2e/period-comparison.spec.ts、e2e/replacement-helpers.ts、e2e/revamp-r1-layout.spec.ts
32,總覽會議入口一行,經營總覽,meeting-page.tsx:89–100,本期一句話右側的「會議：草稿」文字連結,搬移＋改名,overview-meeting-entry,V3-4,v2 基準已盤點；待 V3-4 逐列打勾,e2e/revamp-r1-layout.spec.ts、e2e/revamp-r6.spec.ts、e2e/review-v2-a.spec.ts、meeting-page.test.tsx、testid-baseline.test.ts
33,通路寬表,通路健檢,channel-table.tsx；workspace-panels.tsx:111–114,通路健檢第三區塊；欄序改成台灣報表習慣；手機改成清單,保留,aria-label=通路寬表,V3-5,v2 基準已盤點；待 V3-5 逐列打勾,e2e/manager-summary.spec.ts、e2e/revamp-r1-layout.spec.ts、e2e/revamp-r5.spec.ts、e2e/revamp-r6.spec.ts、meeting-page.test.tsx
34,健檢清單（details、前 3 列預設展開、缺資料置頂、範圍切換 chips、事實清單、原因／下一步／注意、技術細節、看證據、加入待辦、檔期後綴）,通路健檢,diagnosis-list.tsx:84–148,通路健檢第二區塊，改成警示列樣式（C9 清單型）；前 3 列仍預設展開；範圍切換 chips 仍是每列一組，留在該列展開內容中（diagnosis-list.tsx:93–116，切換該列的事實清單、影響金額與技術細節）（變更說明：「數據」改「相關數字」）,保留＋改名,diagnosis-panel、diagnosis-list、diagnosis-row-{rule},V3-5,v2 基準已盤點；待 V3-5 逐列打勾,diagnosis-list.test.ts、e2e/action-workspace.spec.ts、e2e/m6-acceptance.spec.ts、e2e/manager-presentation.spec.ts、e2e/revamp-r1-layout.spec.ts、e2e/revamp-r2-copy.spec.ts、e2e/revamp-r5.spec.ts、e2e/workspace.spec.ts 等 9 檔
35,AI 解釋（選配）與所有子元件,通路健檢,ai-panel.tsx:87–127,通路健檢最底，預設收合成一列「AI 解釋 · 未啟用」；展開後內容不變,收合,ai-panel、ai-mode、ai-status、ai-readable-preview、ai-facts-preview、ai-advanced、ai-payload-preview、ai-request-preview、ai-local-mapping、ai-live-result、ai-response-details,V3-5,v2 基準已盤點；待 V3-5 逐列打勾,ai-presentation.test.ts、e2e/ai.spec.ts
36,商品毛利：最差 10、增加最多 10、篩選、只看負毛利、更多欄位、2 個 CSV、筆數、技術細節、完整表,商品毛利,product-comparison-panel.tsx:41–139（另 workspace-panels.tsx:141 有同名的 product-table，兩處都要納入保留檢查）,頁首放範圍副標；前 10 名兩表並排；完整表上方是一列工具列（≤ 5 個控制）；2 個 CSV 移到頁首「匯出本頁」（變更說明：CSV 入口）,搬移＋合併,product-worst、product-best、product-more-columns、product-table,V3-5,v2 基準已盤點；待 V3-5 逐列打勾,e2e/import.spec.ts、e2e/product-comparison.spec.ts、e2e/revamp-r2-copy.spec.ts、e2e/revamp-r5.spec.ts、e2e/workspace.spec.ts、product-highlights.test.ts
37,試算：通路選擇、基準重建與新鮮度、本期基準、不可試算原因、假設清單、新增方案（最多 3 個）、範本、5 個輸入、相對與絕對切換、等值、預填、錯誤、範圍提示、聲明勾選、計算、移除、版本、結果,假設試算,multi-scenario-workbench.tsx:85–92；decision-workbench.tsx:152–216,依 §7.4 重排：方案並排成欄，不用分頁；範例與範圍改成 placeholder 和超出時才出現的提示；範本說明收進 ? popover，仍保持掛載（變更說明：說明）,搬移＋收合,multi-scenario-workbench、scenario-channel、decision-workbench、decision-freshness、baseline-{metric}、scenario-unavailable、scenario-assumptions、scenario-{n}、scenario-preset、scenario-preset-apply、scenario-preset-overwrite、scenario-preset-purpose、scenario-template-note、scenario-mode-{field}、scenario-equivalent-{field}、scenario-absolute-note-{field}、scenario-absolute-error-{field}、scenario-range-{field}、scenario-unavailable-{field}、scenario-result、scenario-version、scenario-draft、scenario-contribution、scenario-delta,V3-6,v2 基準已盤點；待 V3-6 逐列打勾,action-backup.test.ts、decision.test.ts、e2e/action-workspace.spec.ts、e2e/ai.spec.ts、e2e/m6-acceptance.spec.ts、e2e/manager-presentation.spec.ts、e2e/replacement-helpers.ts、e2e/revamp-r5.spec.ts 等 19 檔
38,要賣到多少才划算（敏感度，每個有效方案各一份，值存在 plan.sensitivity 並寫入備份）,假設試算,scenario-sensitivity.tsx；decision-workbench.tsx:216,留在每個方案欄的結果下方，每個方案保有自己的 state（同 v2），名稱不變（避免和 F12「損益兩平 MER」撞名）。threshold-*、sensitivity-result 是每個方案各一份，mounted-testids 以「方案數 × 1」計,保留,scenario-sensitivity、threshold-{id}、threshold-pct、sensitivity-result,V3-6,v2 基準已盤點；待 V3-6 逐列打勾,e2e/scenario-sensitivity.spec.ts、scenario-form.test.tsx、testid-baseline.test.ts
39,方案比較表、選入會議、其他通路方案、歷史方案、決策輸出、通知,假設試算,decision-workbench.tsx:219–228；multi-scenario-workbench.tsx:93–95,方案欄下方依序是比較表、其他通路方案（<details>）、歷史方案（<details>）；「選入會議」改成每個方案結果下的次要按鈕（會議頁議程 5 的選入 select 仍保留，#44a）；決策輸出移到頁首「匯出本頁」頁內下拉，呼叫 v2 的同一個 handler,搬移＋收合＋合併,scenario-comparison、scenario-other-channels、decision-notice,V3-6,v2 基準已盤點；待 V3-6 逐列打勾,e2e/revamp-r5.spec.ts、e2e/scenarios.spec.ts、scenario-form.test.tsx
40,待辦：看板與清單切換、新增、四欄、計數、置頂（最多 3）、移到其他狀態（焦點跟著卡片）、展開編輯,待辦,actions-workbench.tsx:66–141,卡片只放標題、負責人、期限、狀態、引用狀態標籤（已確認／草稿）與「需要重新核對」或「過期」徽章；卡底一行 12px 文字按鈕「移到：進行中 · 受阻 · 已完成」（一直可見）；看板檢視的編輯改成右側抽屜；清單檢視維持 v2 的每項 article 加內嵌編輯器（§7.5）（變更說明：看板的編輯器）,保留＋搬移,actions-workbench、actions-view-board、actions-view-list、action-board、board-column-{status}、board-card-{n}、board-card-{n}-move-{status}、action-notice,V3-6,v2 基準已盤點；待 V3-6 逐列打勾,action-board.test.ts、e2e/action-workspace.spec.ts、e2e/ai.spec.ts、e2e/revamp-r5.spec.ts、e2e/revamp-r6.spec.ts、e2e/scenarios.spec.ts、e2e/workspace-storage.spec.ts、v3-0:collect-testids.spec.ts
41,待辦編輯器（7 欄、datalist、期限、狀態、進度、證據勾選、確認、限制、置頂、往上移、移除、重新核對、看證據、技術細節、引用歷史）,待辦,actions-workbench.tsx:29–64、142–148,看板檢視：待辦編輯抽屜，同一頁捲動分三段（不用分頁）：內容／引用的數字／歷史；清單檢視：維持常駐掛載的內嵌編輯器。兩種檢視共用同一個編輯器元件，不同時渲染（同 v2），所以 action-{n} 不重複（M6）。欄位編輯即時生效、「確認」是確認引用的數字，兩者語意不變（變更說明：「證據」改「引用的數字」）,搬移＋改名,evidence-checklist、action-{n}；新增 action-drawer,V3-6,v2 基準已盤點；待 V3-6 逐列打勾,action-board.test.ts、e2e/action-workspace.spec.ts、e2e/ai.spec.ts、e2e/m6-acceptance.spec.ts、e2e/manager-presentation.spec.ts、e2e/revamp-r5.spec.ts、e2e/review-v2-a-export.spec.ts、e2e/review-v2-a.spec.ts 等 12 檔
42,待辦輸出 MD／CSV／JSON,待辦,actions-workbench.tsx:149,頁首「匯出本頁」頁內下拉，呼叫 v2 的同一個 handler,搬移,actions-export-md、actions-export-csv、actions-export-json,V3-6,V3-0 已補 actions-export-{format}（只加屬性）,e2e/m6-acceptance.spec.ts、e2e/scenarios.spec.ts、testid-baseline.test.ts
43,會議基本資料（名稱、日期、固定範圍、差異提醒、用目前資料更新、漂移更新、技術細節）,會議紀錄,meeting-page.tsx:170、231–250,會議頁頁首的資訊列,搬移,meeting-page、meeting-status、review-workbench、review-view-difference,V3-7,v2 基準已盤點；待 V3-7 逐列打勾,e2e/replacement-helpers.ts、e2e/revamp-r1-layout.spec.ts、e2e/revamp-r6.spec.ts、e2e/review-v2-a.spec.ts、meeting-page.test.tsx
43a,沒有會議稿時的「建立會議紀錄」按鈕（review 為 null，例如還原沒有會議稿的舊備份）,會議紀錄,meeting-page.tsx:176,會議頁的頁面型空狀態（C10），按鈕文字與行為不變,保留,meeting-page、review-workbench（V3-0 為按鈕補 meeting-create）；V3-0 新增：meeting-create,V3-7,V3-0 已補 meeting-create（只加屬性）,e2e/replacement-helpers.ts、e2e/revamp-r1-layout.spec.ts、e2e/revamp-r6.spec.ts、e2e/review-v2-a.spec.ts、meeting-page.test.tsx、testid-baseline.test.ts
44,議程 1–6,會議紀錄,meeting-page.tsx:253–275；manager-summary.tsx:48–84,左側議程目錄（<ol>）＋主內容；議程 1–3 改成精簡唯讀摘要，完整表收合,收合＋改名,meeting-agenda、manager-summary、meeting-agenda-1…6、manager-priority-{code}、meeting-followup、meeting-scenario-results、meeting-scenario-result、meeting-scenario-results-empty、meeting-pinned-actions、meeting-pinned-actions-empty,V3-7,v2 基準已盤點；待 V3-7 逐列打勾,e2e/action-workspace.spec.ts、e2e/manager-presentation.spec.ts、e2e/manager-summary.spec.ts、e2e/revamp-r1-layout.spec.ts、e2e/revamp-r6.spec.ts、e2e/review-v2-a-export.spec.ts、e2e/review-v2-a.spec.ts、meeting-page.test.tsx 等 9 檔
44a,議程 5 每通路的選入 select（可選入、更換、取消選入，含「未選入」與保留的舊選項）,會議紀錄,meeting-page.tsx:259–266,留在會議頁議程 5，每通路一個 select，行為不變；試算頁的「選入會議」按鈕是另一個入口,保留,meeting-scenario-select-{channel},V3-7,V3-0 已補 meeting-scenario-select-{channel}（只加屬性）,e2e/action-workspace.spec.ts、e2e/revamp-r6.spec.ts、e2e/review-v2-a.spec.ts、meeting-page.test.tsx、testid-baseline.test.ts
45,門檻表單：總覽三件事（top-three.tsx:49–51，元件內暫時 state）與會議摘要（manager-summary.tsx:69，存在會議稿的 importance_threshold，結束會議時寫入 thresholds.importance，meeting.ts:299）,經營總覽＋會議,top-three.tsx、manager-summary.tsx:69,兩份 state 不合併：總覽與會議各自保留可收合的「調整門檻」入口；會議門檻仍屬於會議紀錄，隨會議範圍凍結。v2 的通路健檢沒有門檻入口，本輪不新增,保留＋收合,threshold-form-overview、threshold-form-meeting,V3-4／V3-7,V3-0 已補 threshold-form-overview、threshold-form-meeting（只加屬性）,testid-baseline.test.ts
46,決議（四種）、備註、結束會議與確認（role=dialog、Esc）,會議紀錄,meeting-page.tsx:277–296,會議頁頁首動作列：決議 select＋「結束會議」主要按鈕；備註放在議程之後,搬移,meeting-decision、meeting-finalize、meeting-finalize-confirm、meeting-finalize-confirm-button、meeting-finalize-error,V3-7,v2 基準已盤點；待 V3-7 逐列打勾,e2e/revamp-r6.spec.ts、meeting-page.test.tsx、v3-0:collect-testids.spec.ts
47,與上次會議比較,會議紀錄,meeting-page.tsx:298–301、342–352,放在議程之後，預設收合,收合,meeting-compare、meeting-compare-{kind}、meeting-compare-note、meeting-compare-see-followup、meeting-compare-kpis,V3-7,v2 基準已盤點；待 V3-7 逐列打勾,e2e/revamp-r6.spec.ts、meeting-page.test.tsx、testid-baseline.test.ts
48,會議歷史（含每筆的「下載 Markdown」）,會議紀錄,meeting-page.tsx:372–398,頁面最底；每筆的「下載 Markdown」（downloadMeetingMarkdown）保留原位,保留,meeting-history、meeting-history-item、meeting-history-followup、meeting-history-kpis、meeting-history-remove-{id}、meeting-history-remove-confirm、meeting-history-remove-confirm-region、meeting-history-status,V3-7,v2 基準已盤點；待 V3-7 逐列打勾,e2e/revamp-r6.spec.ts、meeting-page.test.tsx、testid-baseline.test.ts、v3-0:collect-testids.spec.ts
49,會議輸出（PDF、MD、通路寬表 CSV、Excel、PPT；以及只在列印模式中出現的「結束列印」）,會議紀錄,meeting-page.tsx:305–320,頁首動作列的「匯出會議」頁內下拉選單（呼叫 v2 的同一個 handler，維持會議範圍），旁邊加上「複製週會摘要」；「結束列印」維持只在列印模式中出現,搬移＋合併,meeting-outputs、meeting-export-excel、meeting-export-pptx,V3-7,v2 基準已盤點；待 V3-7 逐列打勾,e2e/manager-summary.spec.ts、e2e/revamp-r6.spec.ts、e2e/review-v2-a-export.spec.ts、e2e/review-v2-a.spec.ts、meeting-page.test.tsx
50,A4 列印版,會議紀錄,manager-summary.tsx:109–137,版頭改成台灣報表格式（§7.9），內容順序不變,保留,manager-summary-print、print-decision-line、print-scenario-line、print-appendix-assumptions、print-appendix-notes,V3-7,v2 基準已盤點；待 V3-7 逐列打勾,e2e/manager-summary.spec.ts、e2e/revamp-r6.spec.ts、e2e/review-v2-a-export.spec.ts、meeting-page.test.tsx
51,資料範圍與口徑 metadata、技術細節、前處理、欄位對照,資料來源,workspace-panels.tsx:46–64,資料來源頁「範圍與金額基準」（9 欄改成兩欄定義列表）；前處理改成表格；新增「版本與來源資訊」<details> 做彙整（原處的技術細節仍保留；不用「稽核」，它是 R2 的禁用詞）（變更說明：「口徑」改「金額基準」，D-V3-2；版本與來源彙整）,保留＋改名＋合併,data-preprocessing,V3-8,v2 基準已盤點；待 V3-8 逐列打勾,e2e/import-wizard.spec.ts
52,目標（選填）、促銷檔期（選填）,資料來源,workspace-panels.tsx:66–87,資料來源頁「選填資料」分組，兩表並列,搬移,targets-entry、targets-issues、targets-table、events-entry、events-issues、events-table,V3-8,v2 基準已盤點；待 V3-8 逐列打勾,e2e/revamp-r4.spec.ts
53,來源檔案預覽（前 10 列）、資料完整性問題表,資料來源,workspace-panels.tsx:88–102；issue-list.tsx,問題表搬到資料來源頁第二區塊（給執行者先看）；來源預覽放在後段,搬移,既有錨點、分頁、原因碼 details 保留,V3-8,v2 基準已盤點；待 V3-8 逐列打勾,aggregate-orders.test.ts、ai-grounding.test.ts、analysis-limits.test.ts、e2e/import.spec.ts、e2e/revamp-r4.spec.ts、events.test.ts、export.test.ts、import-guidance.test.ts 等 18 檔
54,匯入精靈 4 步（全部子功能）,匯入精靈,import-wizard/*,全版專注模式；步驟 2 已對上的欄位預設收合；步驟 3 換算欄位依 D2 預設勾選，進階設定再展開,收合,import-wizard、import-stepper、import-step-1…4、import-file-{role}、import-order-level-{role}、import-mapping-{role}、import-memory-hint、import-preset-hint、import-order-level、import-conversion、import-settings-proposal、import-status、import-preprocessing、import-memory-note、import-reconciliation、reconciliation-{field}、reconciliation-metric-{metric}、import-commit,V3-8,v2 基準已盤點；待 V3-8 逐列打勾,e2e/ai.spec.ts、e2e/import-guidance.spec.ts、e2e/import-wizard-helpers.ts、e2e/import-wizard.spec.ts、e2e/import.spec.ts、e2e/m6-acceptance.spec.ts、e2e/period-comparison.spec.ts、e2e/product-comparison.spec.ts 等 11 檔
55,計算明細抽屜（全部子功能：階梯、比率表、組成、技術細節、來源分頁、搜尋、分頁、含稅註記、回焦）,計算與來源抽屜,evidence-drawer.tsx:129–239,名稱改為「計算與來源」，依 §7.8 重排（變更說明：段落順序）,改名＋搬移,evidence-conversion-note、dialog 的 aria-labelledby、aria-describedby,V3-5,v2 基準已盤點；待 V3-5 逐列打勾,action-backup.test.ts、action-board.test.ts、action-export.test.ts、action-workspace.test.ts、ai-grounding.test.ts、decision.test.ts、diagnosis-list.test.ts、e2e/action-workspace.spec.ts 等 34 檔
56,所有圖表的數據表替代；.table-scroll 的 tabIndex=0、role=region、aria-label；caption,全站,各表格元件,不變；<details> 摘要文字改成「資料表」,保留＋改名,.data-alternative、.table-scroll,V3-2,v2 基準已盤點；待 V3-2 逐列打勾,product-highlights.test.ts
57,使用分析揭露與既有事件追蹤,全站,dashboard.tsx:46、586,頁尾；新增事件名見 §10（D-V3-15）,保留,analytics-note,V3-3,v2 基準已盤點；待 V3-3 逐列打勾,relaunch.test.ts
58,prefers-reduced-motion、:focus-visible,全站,globals.css:12、206,改用 token 的焦點樣式,保留,—,V3-1,v2 基準已盤點；目前找不到覆蓋測試（待補）；待 V3-1 逐列打勾,
59,本機個人偏好：備份 v4 的 ui_prefs（view 看板或清單、last_preset 上次快捷），經 IndexedDB 或備份檔保存；期間合計開關只是記憶體 state（v2 的 src 完全沒有使用 localStorage 或 sessionStorage）,全站,workspace-backup.ts:302–305；dashboard.tsx:187、335–338,ui_prefs 的欄位與還原行為不變，既有偏好不搬到 localStorage。v3 新增的偏好（表格密度、改名提示已讀、首次導覽略過）才用 localStorage，一律包 try/catch,保留,verification/revamp-v3/backup-schema-v4.json 中 ui_prefs 的欄位清單（V3-0 從 workspace-backup.ts 的 schema 產出）＋還原測試；v3 新增的 localStorage 鍵另列在 storage-keys-v3.txt,V3-0（基準）／V3-9（升 v5 時）,V3-0 已產出 backup-schema-v4.json（ui_prefs 欄位）＋tests/backup-schema-v4.test.ts 還原測試；storage-keys-v3.txt（v2 無 localStorage 鍵）,action-board.test.ts、backup-schema-v4.test.ts、e2e/action-workspace.spec.ts、e2e/revamp-r4.spec.ts、e2e/workspace-storage.spec.ts、meeting-backup.test.ts、scenario-sensitivity-backup.test.ts、workspace-backup.test.ts
60,備份檔 v1–v4 還原、IndexedDB 中的舊工作區,全站,workspace-backup.ts、local-store.ts,不變；F13 新增欄位時升到 v5，舊檔缺少的欄位補預設值,保留,verification/revamp-v3/backup-schema-v4.json（V3-0 產出欄位清單）＋還原測試,V3-0（基準）／V3-9（升 v5 時）,V3-0 已產出 backup-schema-v4.json（key_paths）＋tests/backup-schema-v4.test.ts；v1–v4 還原既有測試：tests/workspace-backup.test.ts、tests/v2-backup.test.ts,action-backup.test.ts、action-board.test.ts、backup-schema-v4.test.ts、meeting-backup.test.ts、meeting-page.test.tsx、scenario-sensitivity-backup.test.ts、v2-backup.test.ts、workspace-backup.test.ts
D01,分析資料 CSV（profitlens-analysis.csv）,殼層：下載選單,dashboard.tsx 下載選單「目前檢視」,頂欄「匯出」選單：目前檢視,保留＋改名,download-menu；exportSnapshotCsv,V3-3／V3-7,v2 基準已盤點（有資料時）；待 V3-3／V3-7 逐列打勾,e2e/import.spec.ts、e2e/period-comparison.spec.ts、e2e/revamp-r1-layout.spec.ts
D02,各通路比較 CSV（profitlens-channel-comparison.csv）,殼層：下載選單,dashboard.tsx 下載選單「目前檢視」,頂欄「匯出」選單：目前檢視,保留＋改名,download-menu；exportChannelComparisonCsv,V3-3／V3-7,v2 基準已盤點（有資料時）；待 V3-3／V3-7 逐列打勾,e2e/manager-summary.spec.ts、e2e/revamp-r6.spec.ts、meeting-page.test.tsx
D03,資料集設定 JSON（profitlens-manifest.json）,殼層：下載選單,dashboard.tsx 下載選單「目前檢視」,頂欄「匯出」選單：目前檢視,保留＋改名,download-menu；manifestJson（JSON.stringify(manifest)）,V3-3／V3-7,v2 基準已盤點（有資料時）；待 V3-3／V3-7 逐列打勾,e2e/import.spec.ts
D04,資料問題 CSV（profitlens-issues.csv）,殼層：下載選單,dashboard.tsx 下載選單「目前檢視」,頂欄「匯出」選單：目前檢視（有問題時才出現）,保留＋改名,download-menu；exportIssuesCsv,V3-3／V3-7,v2 基準已盤點；PRD §6.5 所寫「資料來源頁的問題表工具列（資料問題 CSV）」在 v2 不存在（只有頂欄與匯入精靈步驟 4），需人確認 v3 是否新增（條件項：資料有問題時（issues > 0））,e2e/import.spec.ts
D05,決策工作稿 Markdown（profitlens-decision.md）,殼層：下載選單,dashboard.tsx 下載選單「決策工作稿」,頂欄「匯出」選單：決策工作稿,保留＋改名,"download-menu；exportDecision(""md"") → exportWorkspaceDecision",V3-3／V3-7,v2 基準已盤點（有資料時）；待 V3-3／V3-7 逐列打勾,e2e/m6-acceptance.spec.ts、e2e/scenarios.spec.ts
D06,決策工作稿 CSV（profitlens-decision.csv）,殼層：下載選單,dashboard.tsx 下載選單「決策工作稿」,頂欄「匯出」選單：決策工作稿,保留＋改名,"download-menu；exportDecision(""csv"")",V3-3／V3-7,v2 基準已盤點（有資料時）；待 V3-3／V3-7 逐列打勾,e2e/action-workspace.spec.ts、e2e/m6-acceptance.spec.ts、e2e/review-v2-a-export.spec.ts、e2e/scenarios.spec.ts
D07,決策工作稿 JSON（profitlens-decision.json）,殼層：下載選單,dashboard.tsx 下載選單「決策工作稿」,頂欄「匯出」選單：決策工作稿,保留＋改名,"download-menu；exportDecision(""json"")",V3-3／V3-7,v2 基準已盤點（有資料時）；待 V3-3／V3-7 逐列打勾,e2e/action-workspace.spec.ts、e2e/m6-acceptance.spec.ts、e2e/review-v2-a-export.spec.ts、e2e/scenario-sensitivity.spec.ts、e2e/scenarios.spec.ts
D08,一頁摘要 PDF（列印，目前檢視）,殼層：下載選單,dashboard.tsx 下載選單「會議摘要」,頂欄「匯出」選單：一頁摘要,保留＋改名,download-meeting-section；printCurrentView → PrintSummaryPortal,V3-3／V3-7,v2 基準已盤點（有資料時）；待 V3-3／V3-7 逐列打勾,e2e/manager-summary.spec.ts、e2e/revamp-r6.spec.ts、e2e/review-v2-a-export.spec.ts、meeting-page.test.tsx
D09,一頁摘要 Excel（目前檢視）,殼層：下載選單,dashboard.tsx 下載選單「會議摘要」,頂欄「匯出」選單：一頁摘要,保留＋改名,"download-meeting-section；exportCurrentView(""excel"") → exportExcel（開啟選單時 preloadExcelWriter）",V3-3／V3-7,v2 基準已盤點（有資料時）；待 V3-3／V3-7 逐列打勾,e2e/revamp-r6.spec.ts、excel-export.test.ts、meeting-page.test.tsx
D10,一頁摘要 PPT（目前檢視）,殼層：下載選單,dashboard.tsx 下載選單「會議摘要」,頂欄「匯出」選單：一頁摘要,保留＋改名,"download-meeting-section；exportCurrentView(""pptx"") → exportPptx",V3-3／V3-7,v2 基準已盤點（有資料時）；待 V3-3／V3-7 逐列打勾,e2e/revamp-r6.spec.ts、meeting-page.test.tsx、pptx-export.test.ts
D11,會議紀錄 Markdown（有已結束的會議下載最近一筆，否則目前會議稿／目前檢視摘要）,殼層：下載選單,dashboard.tsx 下載選單「會議摘要」,頂欄「匯出」選單：一頁摘要,保留＋改名,download-meeting-section；exportMeetingNotes → downloadMeetingMarkdown／exportManagerSummaryMarkdown,V3-3／V3-7,v2 基準已盤點（有資料時；內容依是否有已結束會議而不同）；待 V3-3／V3-7 逐列打勾,e2e/revamp-r6.spec.ts
D12,銷售空白範本（sales_daily.csv）,殼層：下載選單,dashboard.tsx 下載選單「範本」,頂欄「匯出」選單：匯入範本 3×3,保留＋改名,"download-templates；standardCsvTemplate(""sales_daily.csv"")",V3-3／V3-8,v2 基準已盤點（一律出現（含空工作區））；待 V3-3／V3-8 逐列打勾,e2e/import-wizard.spec.ts
D13,通路費用空白範本（channel_costs_daily.csv）,殼層：下載選單,dashboard.tsx 下載選單「範本」,頂欄「匯出」選單：匯入範本 3×3,保留＋改名,"download-templates；standardCsvTemplate(""channel_costs_daily.csv"")",V3-3／V3-8,v2 基準已盤點（一律出現）；待 V3-3／V3-8 逐列打勾,e2e/import-wizard.spec.ts
D14,廣告空白範本（ad_spend_daily.csv）,殼層：下載選單,dashboard.tsx 下載選單「範本」,頂欄「匯出」選單：匯入範本 3×3,保留＋改名,"download-templates；standardCsvTemplate(""ad_spend_daily.csv"")",V3-3／V3-8,v2 基準已盤點（一律出現）；待 V3-3／V3-8 逐列打勾,e2e/import-wizard.spec.ts
D15,銷售範例檔（<a download>）,殼層：下載選單,dashboard.tsx 下載選單「範本」,頂欄「匯出」選單：匯入範本 3×3,保留＋改名,"download-templates；exampleTemplateUrl(""sales_daily.csv"")",V3-3／V3-8,v2 基準已盤點（一律出現）；待 V3-3／V3-8 逐列打勾,e2e/import-wizard.spec.ts
D16,通路費用範例檔（<a download>）,殼層：下載選單,dashboard.tsx 下載選單「範本」,頂欄「匯出」選單：匯入範本 3×3,保留＋改名,"download-templates；exampleTemplateUrl(""channel_costs_daily.csv"")",V3-3／V3-8,v2 基準已盤點（一律出現）；待 V3-3／V3-8 逐列打勾,e2e/import-wizard.spec.ts
D17,廣告範例檔（<a download>）,殼層：下載選單,dashboard.tsx 下載選單「範本」,頂欄「匯出」選單：匯入範本 3×3,保留＋改名,"download-templates；exampleTemplateUrl(""ad_spend_daily.csv"")",V3-3／V3-8,v2 基準已盤點（一律出現）；待 V3-3／V3-8 逐列打勾,e2e/import-wizard.spec.ts
D18,商品比較 CSV（profitlens-product-comparison.csv）,商品毛利,product-comparison-panel.tsx 完整表工具列,商品頁頁首「匯出本頁」頁內下拉（依頁內篩選 state，不放頂欄）,搬移＋合併,exportProductComparisonCsv（ProductComparisonPanel）,V3-5,v2 基準已盤點（有資料時；內容依篩選、排序、只看負毛利）；待 V3-5 逐列打勾,e2e/product-comparison.spec.ts
D19,商品明細 CSV（profitlens-products.csv）,商品毛利,product-comparison-panel.tsx 完整表工具列,商品頁頁首「匯出本頁」頁內下拉,搬移＋合併,exportProductsCsv（ProductComparisonPanel）,V3-5,v2 基準已盤點（有資料時；內容依篩選）；待 V3-5 逐列打勾,e2e/import.spec.ts
D20,試算頁決策輸出 Markdown,假設試算,decision-workbench.tsx「決策輸出」區,試算頁頁首「匯出本頁」頁內下拉,搬移＋合併,"DecisionWorkbench download(""md"") → onExport（dashboard exportDecision）",V3-6,v2 基準已盤點（有資料時）；待 V3-6 逐列打勾,action-board.test.ts、action-export.test.ts、decision.test.ts、m6-financial-audit.test.ts、period-comparison.test.ts、v2-decision-export.test.ts
D21,試算頁決策輸出 CSV,假設試算,decision-workbench.tsx「決策輸出」區,試算頁頁首「匯出本頁」頁內下拉,搬移＋合併,"DecisionWorkbench download(""csv"") → onExport",V3-6,v2 基準已盤點（有資料時）；待 V3-6 逐列打勾,action-board.test.ts、action-export.test.ts、decision.test.ts、m6-financial-audit.test.ts、period-comparison.test.ts、v2-decision-export.test.ts
D22,試算頁決策輸出 JSON,假設試算,decision-workbench.tsx「決策輸出」區,試算頁頁首「匯出本頁」頁內下拉,搬移＋合併,"DecisionWorkbench download(""json"") → onExport",V3-6,v2 基準已盤點（有資料時）；待 V3-6 逐列打勾,action-board.test.ts、action-export.test.ts、decision.test.ts、m6-financial-audit.test.ts、period-comparison.test.ts、v2-decision-export.test.ts
D23,待辦頁輸出 Markdown,待辦,actions-workbench.tsx「輸出」區,待辦頁頁首「匯出本頁」頁內下拉,搬移,"actions-export-md；onExport(""md"")（dashboard exportDecision）",V3-6,v2 基準已盤點（有資料時）；待 V3-6 逐列打勾,testid-baseline.test.ts
D24,待辦頁輸出 CSV,待辦,actions-workbench.tsx「輸出」區,待辦頁頁首「匯出本頁」頁內下拉,搬移,"actions-export-csv；onExport(""csv"")",V3-6,v2 基準已盤點（有資料時）；待 V3-6 逐列打勾,testid-baseline.test.ts
D25,待辦頁輸出 JSON,待辦,actions-workbench.tsx「輸出」區,待辦頁頁首「匯出本頁」頁內下拉,搬移,"actions-export-json；onExport(""json"")",V3-6,v2 基準已盤點（有資料時）；待 V3-6 逐列打勾,testid-baseline.test.ts
D26,會議 PDF（列印，會議範圍）,會議紀錄,meeting-page.tsx meeting-outputs,會議頁頁首「匯出會議」頁內下拉,搬移＋合併,meeting-outputs；startPrint → PrintSummaryPortal,V3-7,v2 基準已盤點（有會議稿且摘要已重建）；待 V3-7 逐列打勾,e2e/manager-summary.spec.ts、e2e/revamp-r6.spec.ts、e2e/review-v2-a-export.spec.ts、e2e/review-v2-a.spec.ts、meeting-page.test.tsx
D27,會議 Markdown（profitlens-manager-summary.md，會議範圍）,會議紀錄,meeting-page.tsx meeting-outputs,會議頁頁首「匯出會議」頁內下拉,搬移＋合併,"meeting-outputs；exportManagerSummaryMarkdown(summary, context)",V3-7,v2 基準已盤點（有會議稿且摘要已重建）；待 V3-7 逐列打勾,e2e/action-workspace.spec.ts、e2e/manager-summary.spec.ts、e2e/revamp-r6.spec.ts、e2e/review-v2-a-export.spec.ts、e2e/review-v2-a.spec.ts、meeting-page.test.tsx
D28,會議 通路寬表 CSV（會議範圍）,會議紀錄,meeting-page.tsx meeting-outputs,會議頁頁首「匯出會議」頁內下拉,搬移＋合併,meeting-outputs；exportChannelComparisonCsv(summary),V3-7,v2 基準已盤點（有會議稿且摘要已重建）；待 V3-7 逐列打勾,e2e/manager-summary.spec.ts、e2e/revamp-r6.spec.ts、e2e/review-v2-a-export.spec.ts、e2e/review-v2-a.spec.ts、meeting-page.test.tsx
D29,會議 Excel（會議範圍）,會議紀錄,meeting-page.tsx meeting-outputs,會議頁頁首「匯出會議」頁內下拉,搬移＋合併,"meeting-export-excel；runExport(""excel"")",V3-7,v2 基準已盤點（有會議稿且摘要已重建）；待 V3-7 逐列打勾,meeting-page.test.tsx
D30,會議 PPT（會議範圍）,會議紀錄,meeting-page.tsx meeting-outputs,會議頁頁首「匯出會議」頁內下拉,搬移＋合併,"meeting-export-pptx；runExport(""pptx"")",V3-7,v2 基準已盤點（有會議稿且摘要已重建）；待 V3-7 逐列打勾,meeting-page.test.tsx
D31,結束列印（不是下載；列印模式的控制）,會議紀錄,meeting-page.tsx meeting-outputs,會議頁「匯出會議」旁，只在列印模式出現,保留,meeting-outputs；endPrint,V3-7,v2 基準已盤點（條件項：列印模式中）；待 V3-7 逐列打勾,e2e/revamp-r6.spec.ts
D32,會議歷史每筆「下載 Markdown」（舊會議只能從這裡下載）,會議紀錄,meeting-page.tsx MeetingHistory,會議頁最底，保留原位,保留,meeting-history-item；downloadMeetingMarkdown,V3-7,v2 基準已盤點（條件項：有已結束的會議）；待 V3-7 逐列打勾,meeting-page.test.tsx
D33,匯入精靈步驟 4 資料問題 CSV（profitlens-import-issues.csv）,匯入精靈,import-wizard/step-review.tsx,不變,保留,import-step-4；exportIssuesCsv,V3-8,v2 基準已盤點（條件項：檢核有問題時）；待 V3-8 逐列打勾,e2e/import.spec.ts
D34,目標範本（targets.csv）,資料來源,workspace-panels.tsx targets-entry,資料來源頁「選填資料」分組,搬移,targets-entry；targetsCsvTemplate,V3-8,v2 基準已盤點（有資料時）；待 V3-8 逐列打勾,targets.test.ts
D35,目標目前資料（targets.csv）,資料來源,workspace-panels.tsx targets-entry,資料來源頁「選填資料」分組,搬移,targets-entry；exportTargetsCsv,V3-8,v2 基準已盤點（條件項：已匯入目標時）；目前找不到覆蓋測試（待補）；待 V3-8 逐列打勾,
D36,檔期範本（events.csv）,資料來源,workspace-panels.tsx events-entry,資料來源頁「選填資料」分組,搬移,events-entry；eventsCsvTemplate,V3-8,v2 基準已盤點（有資料時）；目前找不到覆蓋測試（待補）；待 V3-8 逐列打勾,
D37,檔期目前資料（events.csv）,資料來源,workspace-panels.tsx events-entry,資料來源頁「選填資料」分組,搬移,events-entry；exportEventsCsv,V3-8,v2 基準已盤點（條件項：已匯入檔期時）；目前找不到覆蓋測試（待補）；待 V3-8 逐列打勾,
D38,主管摘要輸出：Markdown,會議紀錄（主管摘要元件）,manager-summary.tsx outputs 區,不變（元件內）,保留,ManagerSummary outputs；exportManagerSummaryMarkdown,V3-7,v2 基準已盤點（條件項：outputs 為 true；v2 唯一的呼叫端（meeting-page）傳 outputs={false}，目前畫面不會出現）；待 V3-7 逐列打勾,e2e/manager-summary.spec.ts、e2e/revamp-r6.spec.ts、e2e/review-v2-a-export.spec.ts、e2e/review-v2-a.spec.ts、meeting-page.test.tsx、scenarios.test.ts
D39,主管摘要輸出：通路寬表 CSV,會議紀錄（主管摘要元件）,manager-summary.tsx outputs 區,不變（元件內）,保留,ManagerSummary outputs；exportChannelComparisonCsv,V3-7,v2 基準已盤點（條件項：同上（outputs 為 true））；待 V3-7 逐列打勾,e2e/manager-summary.spec.ts、e2e/revamp-r6.spec.ts、e2e/review-v2-a-export.spec.ts、e2e/review-v2-a.spec.ts、meeting-page.test.tsx、scenarios.test.ts
D40,主管摘要輸出：列印,會議紀錄（主管摘要元件）,manager-summary.tsx outputs 區,不變（元件內）,保留,ManagerSummary outputs；setPrinting(true),V3-7,v2 基準已盤點（條件項：同上）；待 V3-7 逐列打勾,e2e/manager-summary.spec.ts、e2e/revamp-r6.spec.ts、e2e/review-v2-a-export.spec.ts、e2e/review-v2-a.spec.ts、meeting-page.test.tsx、scenarios.test.ts
D41,主管摘要輸出：匯出 PDF,會議紀錄（主管摘要元件）,manager-summary.tsx outputs 區,不變（元件內）,保留,ManagerSummary outputs；setPrinting(true)＋manager-summary-pdf-hint,V3-7,v2 基準已盤點（條件項：同上）；待 V3-7 逐列打勾,e2e/manager-summary.spec.ts、e2e/revamp-r6.spec.ts、e2e/review-v2-a-export.spec.ts、e2e/review-v2-a.spec.ts、meeting-page.test.tsx、scenarios.test.ts
D42,匯入精靈步驟 1 銷售空白範本,匯入精靈,import-wizard/step-files.tsx 範本格,匯入精靈步驟 1（另見頂欄匯入範本 3×3）,保留,"import-step-1；standardCsvTemplate(""sales_daily.csv"")",V3-8,v2 基準已盤點（一律出現）；待 V3-8 逐列打勾,e2e/import-guidance.spec.ts
D43,匯入精靈步驟 1 通路費用空白範本,匯入精靈,import-wizard/step-files.tsx 範本格,匯入精靈步驟 1,保留,"import-step-1；standardCsvTemplate(""channel_costs_daily.csv"")",V3-8,v2 基準已盤點（一律出現）；待 V3-8 逐列打勾,e2e/import-guidance.spec.ts
D44,匯入精靈步驟 1 廣告空白範本,匯入精靈,import-wizard/step-files.tsx 範本格,匯入精靈步驟 1,保留,"import-step-1；standardCsvTemplate(""ad_spend_daily.csv"")",V3-8,v2 基準已盤點（一律出現）；待 V3-8 逐列打勾,e2e/import-guidance.spec.ts
D45,匯入精靈步驟 1 銷售範例檔（<a download>）,匯入精靈,import-wizard/step-files.tsx 範本格,匯入精靈步驟 1,保留,"import-step-1；exampleTemplateUrl(""sales_daily.csv"")",V3-8,v2 基準已盤點（一律出現）；目前找不到覆蓋測試（待補）；待 V3-8 逐列打勾,
D46,匯入精靈步驟 1 通路費用範例檔（<a download>）,匯入精靈,import-wizard/step-files.tsx 範本格,匯入精靈步驟 1,保留,"import-step-1；exampleTemplateUrl(""channel_costs_daily.csv"")",V3-8,v2 基準已盤點（一律出現）；目前找不到覆蓋測試（待補）；待 V3-8 逐列打勾,
D47,匯入精靈步驟 1 廣告範例檔（<a download>）,匯入精靈,import-wizard/step-files.tsx 範本格,匯入精靈步驟 1,保留,"import-step-1；exampleTemplateUrl(""ad_spend_daily.csv"")",V3-8,v2 基準已盤點（一律出現）；目前找不到覆蓋測試（待補）；待 V3-8 逐列打勾,
D48,匯入精靈步驟 1 範例資料集設定 manifest.json（<a download>）,匯入精靈,import-wizard/step-files.tsx 範本格,匯入精靈步驟 1（PRD §6.5 未列，V3-0 盤點補上）,保留,"import-step-1；exampleTemplateUrl(""manifest.json"")",V3-8,v2 基準已盤點（一律出現）；目前找不到覆蓋測試（待補）；待 V3-8 逐列打勾,
D49,備份 JSON（儲存選單「下載備份」，profitlens-workspace.json）,殼層：儲存選單,workspace-storage.tsx save(false),儲存選單「備份檔」段,保留（內部重排）,workspace-storage；exportWorkspaceBackup,V3-3,v2 基準已盤點（有資料時（無資料時按鈕停用））；待 V3-3 逐列打勾,e2e/revamp-r6.spec.ts、e2e/workspace-storage.spec.ts
D50,備份 JSON（取代確認 dialog「下載備份」）,殼層：取代確認,replacement-dialog.tsx,不變（§6.3 #10）,保留,ReplacementDialog；exportWorkspaceBackup,V3-3,v2 基準已盤點（條件項：換資料、清空、還原時有未保存變更）；待 V3-3 逐列打勾,e2e/action-workspace.spec.ts、e2e/m6-acceptance.spec.ts、e2e/replacement-helpers.ts、e2e/review-v2-a.spec.ts、e2e/scenarios.spec.ts、e2e/workspace-storage.spec.ts、e2e/workspace.spec.ts
D51,商品明細 CSV（workspace-panels Products 元件，profitlens-products.csv）,商品毛利（未掛載）,workspace-panels.tsx Products,—（Dashboard 未掛載；保留檢查見 §6.3 #36）,保留,Products；exportProductsCsv,V3-5,v2 基準已盤點（條件項：v2 Dashboard 沒有掛載 Products 元件，畫面不會出現）；待 V3-5 逐列打勾,domain-acceptance.test.ts、e2e/import.spec.ts、excel-export.test.ts、export.test.ts、m6-financial-audit.test.ts、product-comparison.test.ts、product-highlights.test.ts、rules.test.ts 等 10 檔
