date,channel,sku,category,units_sold,gross_sales,discounts,refunds,cogs_net,currency
2026-08-01,DTC,A,HOME,2,1000.00,100.00,0.00,400.00,TWD
2026-08-01,DTC,B,CARE,1,500.00,0.00,50.00,200.00,TWD
2026-08-01,MARKETPLACE,A,HOME,2,600.00,60.00,0.00,270.00,TWD
2026-08-01,MARKETPLACE,B,CARE,1,400.00,40.00,0.00,180.00,TWD
2026-08-02,DTC,A,HOME,3,1400.00,210.00,70.00,580.00,TWD
2026-08-02,DTC,B,CARE,1,400.00,20.00,20.00,160.00,TWD
2026-08-02,MARKETPLACE,A,HOME,3,800.00,120.00,40.00,360.00,TWD
2026-08-02,MARKETPLACE,B,CARE,1,500.00,100.00,50.00,225.00,TWD
2026-08-02,DTC,A,HOME,3,1400.00,210.00,70.00,580.00,TWD
