date,channel,ad_spend,currency
2026-06-01,DTC,3557.00,TWD
2026-06-01,MARKETPLACE,3901.00,TWD
2026-06-02,DTC,3563.00,TWD
2026-06-02,MARKETPLACE,4109.00,TWD
2026-06-03,DTC,4122.00,TWD
2026-06-03,MARKETPLACE,4233.00,TWD
2026-06-04,DTC,3716.00,TWD
2026-06-04,MARKETPLACE,3969.00,TWD
2026-06-05,DTC,3761.00,TWD
2026-06-05,MARKETPLACE,3724.00,TWD
2026-06-06,DTC,4075.00,TWD
2026-06-06,MARKETPLACE,4135.00,TWD
2026-06-07,DTC,3579.00,TWD
2026-06-07,MARKETPLACE,3730.00,TWD
2026-06-08,DTC,3899.00,TWD
2026-06-08,MARKETPLACE,4117.00,TWD
2026-06-09,DTC,3755.00,TWD
2026-06-09,MARKETPLACE,3842.00,TWD
2026-06-10,DTC,3929.00,TWD
2026-06-10,MARKETPLACE,3629.00,TWD
2026-06-11,DTC,3829.00,TWD
2026-06-11,MARKETPLACE,4181.00,TWD
2026-06-12,DTC,3597.00,TWD
2026-06-12,MARKETPLACE,3867.00,TWD
2026-06-13,DTC,4181.00,TWD
2026-06-13,MARKETPLACE,3934.00,TWD
2026-06-14,DTC,3839.00,TWD
2026-06-14,MARKETPLACE,3962.00,TWD
2026-06-15,DTC,4044.00,TWD
2026-06-15,MARKETPLACE,4023.00,TWD
2026-06-16,DTC,3786.00,TWD
2026-06-16,MARKETPLACE,4061.00,TWD
2026-06-17,DTC,3903.00,TWD
2026-06-17,MARKETPLACE,3963.00,TWD
2026-06-18,DTC,3905.00,TWD
2026-06-18,MARKETPLACE,3632.00,TWD
2026-06-19,DTC,3831.00,TWD
2026-06-19,MARKETPLACE,3854.00,TWD
2026-06-20,DTC,4058.00,TWD
2026-06-20,MARKETPLACE,4115.00,TWD
2026-06-21,DTC,3998.00,TWD
2026-06-21,MARKETPLACE,3964.00,TWD
2026-06-22,DTC,3699.00,TWD
2026-06-22,MARKETPLACE,3608.00,TWD
2026-06-23,DTC,4075.00,TWD
2026-06-23,MARKETPLACE,3568.00,TWD
2026-06-24,DTC,3677.00,TWD
2026-06-24,MARKETPLACE,3881.00,TWD
2026-06-25,DTC,3650.00,TWD
2026-06-25,MARKETPLACE,3744.00,TWD
2026-06-26,DTC,4154.00,TWD
2026-06-26,MARKETPLACE,3784.00,TWD
2026-06-27,DTC,3797.00,TWD
2026-06-27,MARKETPLACE,4077.00,TWD
2026-06-28,DTC,3801.00,TWD
2026-06-28,MARKETPLACE,3922.00,TWD
2026-06-29,DTC,4087.00,TWD
2026-06-29,MARKETPLACE,3810.00,TWD
2026-06-30,DTC,3683.00,TWD
2026-06-30,MARKETPLACE,3854.00,TWD
2026-07-01,DTC,3782.00,TWD
2026-07-01,MARKETPLACE,3741.00,TWD
2026-07-02,DTC,4240.00,TWD
2026-07-02,MARKETPLACE,3753.00,TWD
2026-07-03,DTC,4194.00,TWD
2026-07-03,MARKETPLACE,4161.00,TWD
2026-07-04,DTC,3767.00,TWD
2026-07-04,MARKETPLACE,4210.00,TWD
2026-07-05,DTC,4237.00,TWD
2026-07-05,MARKETPLACE,4186.00,TWD
2026-07-06,DTC,4053.00,TWD
2026-07-06,MARKETPLACE,3694.00,TWD
2026-07-07,DTC,4159.00,TWD
2026-07-07,MARKETPLACE,3556.00,TWD
2026-07-08,DTC,3651.00,TWD
2026-07-08,MARKETPLACE,4185.00,TWD
2026-07-09,DTC,3612.00,TWD
2026-07-09,MARKETPLACE,3778.00,TWD
2026-07-10,DTC,4167.00,TWD
2026-07-10,MARKETPLACE,3630.00,TWD
2026-07-11,DTC,4230.00,TWD
2026-07-11,MARKETPLACE,3656.00,TWD
2026-07-12,DTC,4233.00,TWD
2026-07-12,MARKETPLACE,4200.00,TWD
2026-07-13,DTC,4213.00,TWD
2026-07-13,MARKETPLACE,12261.00,TWD
2026-07-14,DTC,4455.00,TWD
2026-07-14,MARKETPLACE,12249.00,TWD
2026-07-15,DTC,4213.00,TWD
2026-07-15,MARKETPLACE,12265.00,TWD
2026-07-16,DTC,4589.00,TWD
2026-07-16,MARKETPLACE,12026.00,TWD
2026-07-17,DTC,4390.00,TWD
2026-07-17,MARKETPLACE,11958.00,TWD
2026-07-18,DTC,4312.00,TWD
2026-07-18,MARKETPLACE,11934.00,TWD
2026-07-19,DTC,4295.00,TWD
2026-07-19,MARKETPLACE,11911.00,TWD
2026-07-20,DTC,4551.00,TWD
2026-07-20,MARKETPLACE,12129.00,TWD
2026-07-21,DTC,4493.00,TWD
2026-07-21,MARKETPLACE,12079.00,TWD
2026-07-22,DTC,4301.00,TWD
2026-07-22,MARKETPLACE,12026.00,TWD
2026-07-23,DTC,4552.00,TWD
2026-07-23,MARKETPLACE,11789.00,TWD
2026-07-24,DTC,4333.00,TWD
2026-07-24,MARKETPLACE,11998.00,TWD
2026-07-25,DTC,4451.00,TWD
2026-07-25,MARKETPLACE,12042.00,TWD
2026-07-26,DTC,4703.00,TWD
2026-07-26,MARKETPLACE,11769.00,TWD
2026-07-27,DTC,4110.00,TWD
2026-07-27,MARKETPLACE,12116.00,TWD
2026-07-28,DTC,4486.00,TWD
2026-07-28,MARKETPLACE,11844.00,TWD
2026-07-29,DTC,4541.00,TWD
2026-07-29,MARKETPLACE,11828.00,TWD
2026-07-30,DTC,4089.00,TWD
2026-07-30,MARKETPLACE,12279.00,TWD
2026-07-31,DTC,4515.00,TWD
2026-07-31,MARKETPLACE,11972.00,TWD
2026-08-01,DTC,4398.00,TWD
2026-08-01,MARKETPLACE,12230.00,TWD
2026-08-02,DTC,4076.00,TWD
2026-08-02,MARKETPLACE,12253.00,TWD
2026-08-03,DTC,4199.00,TWD
2026-08-03,MARKETPLACE,12004.00,TWD
2026-08-04,DTC,4492.00,TWD
2026-08-04,MARKETPLACE,11909.00,TWD
2026-08-05,DTC,4618.00,TWD
2026-08-05,MARKETPLACE,12322.00,TWD
2026-08-06,DTC,4743.00,TWD
2026-08-06,MARKETPLACE,11804.00,TWD
2026-08-07,DTC,4315.00,TWD
2026-08-07,MARKETPLACE,11985.00,TWD
2026-08-08,DTC,4561.00,TWD
2026-08-08,MARKETPLACE,11665.00,TWD
2026-08-09,DTC,4722.00,TWD
2026-08-09,MARKETPLACE,11983.00,TWD
2026-08-10,DTC,4140.00,TWD
2026-08-10,MARKETPLACE,12303.00,TWD
2026-08-11,DTC,4522.00,TWD
2026-08-11,MARKETPLACE,11704.00,TWD
2026-08-12,DTC,4108.00,TWD
2026-08-12,MARKETPLACE,11720.00,TWD
2026-08-13,DTC,4287.00,TWD
2026-08-13,MARKETPLACE,11980.00,TWD
2026-08-14,DTC,4236.00,TWD
2026-08-14,MARKETPLACE,12188.00,TWD
2026-08-15,DTC,4217.00,TWD
2026-08-15,MARKETPLACE,11840.00,TWD
2026-08-16,DTC,4437.00,TWD
2026-08-16,MARKETPLACE,12328.00,TWD
2026-08-17,DTC,4512.00,TWD
2026-08-17,MARKETPLACE,12016.00,TWD
2026-08-18,DTC,4244.00,TWD
2026-08-18,MARKETPLACE,12214.00,TWD
2026-08-19,DTC,4416.00,TWD
2026-08-19,MARKETPLACE,12005.00,TWD
2026-08-20,DTC,4640.00,TWD
2026-08-20,MARKETPLACE,11827.00,TWD
2026-08-21,DTC,4123.00,TWD
2026-08-21,MARKETPLACE,11953.00,TWD
2026-08-22,DTC,4356.00,TWD
2026-08-22,MARKETPLACE,12216.00,TWD
2026-08-23,DTC,4064.00,TWD
2026-08-23,MARKETPLACE,11776.00,TWD
