date,channel,platform_fees,payment_fees,fulfillment_costs,other_variable_costs,currency
2026-06-01,DTC,0.00,1627.33,845.00,406.83,TWD
2026-06-01,MARKETPLACE,8332.24,1666.45,1050.00,416.61,TWD
2026-06-02,DTC,0.00,1394.58,767.00,348.64,TWD
2026-06-02,MARKETPLACE,8449.09,1689.82,945.00,422.45,TWD
2026-06-03,DTC,0.00,1278.22,702.00,319.56,TWD
2026-06-03,MARKETPLACE,7504.45,1500.89,960.00,375.22,TWD
2026-06-04,DTC,0.00,1298.43,702.00,324.61,TWD
2026-06-04,MARKETPLACE,6246.09,1249.22,885.00,312.30,TWD
2026-06-05,DTC,0.00,2051.28,988.00,512.82,TWD
2026-06-05,MARKETPLACE,6795.13,1359.03,825.00,339.76,TWD
2026-06-06,DTC,0.00,1988.06,988.00,497.01,TWD
2026-06-06,MARKETPLACE,5557.96,1111.59,795.00,277.90,TWD
2026-06-07,DTC,0.00,1607.43,858.00,401.86,TWD
2026-06-07,MARKETPLACE,7829.93,1565.99,945.00,391.50,TWD
2026-06-08,DTC,0.00,1457.95,806.00,364.49,TWD
2026-06-08,MARKETPLACE,8428.08,1685.62,975.00,421.40,TWD
2026-06-09,DTC,0.00,1496.43,845.00,374.11,TWD
2026-06-09,MARKETPLACE,7638.73,1527.75,960.00,381.94,TWD
2026-06-10,DTC,0.00,956.10,494.00,239.03,TWD
2026-06-10,MARKETPLACE,6019.23,1203.85,810.00,300.96,TWD
2026-06-11,DTC,0.00,1558.46,780.00,389.61,TWD
2026-06-11,MARKETPLACE,6745.66,1349.13,915.00,337.28,TWD
2026-06-12,DTC,0.00,1693.15,949.00,423.29,TWD
2026-06-12,MARKETPLACE,8305.26,1661.05,1050.00,415.26,TWD
2026-06-13,DTC,0.00,1711.56,923.00,427.89,TWD
2026-06-13,MARKETPLACE,6169.90,1233.98,750.00,308.49,TWD
2026-06-14,DTC,0.00,1497.62,780.00,374.40,TWD
2026-06-14,MARKETPLACE,8104.85,1620.97,990.00,405.24,TWD
2026-06-15,DTC,0.00,1315.70,715.00,328.92,TWD
2026-06-15,MARKETPLACE,8322.21,1664.44,1140.00,416.11,TWD
2026-06-16,DTC,0.00,1355.06,650.00,338.76,TWD
2026-06-16,MARKETPLACE,7838.99,1567.80,1020.00,391.95,TWD
2026-06-17,DTC,0.00,1412.64,780.00,353.16,TWD
2026-06-17,MARKETPLACE,7349.92,1469.98,915.00,367.50,TWD
2026-06-18,DTC,0.00,1665.97,858.00,416.49,TWD
2026-06-18,MARKETPLACE,7358.60,1471.72,945.00,367.93,TWD
2026-06-19,DTC,0.00,1292.16,780.00,323.04,TWD
2026-06-19,MARKETPLACE,7465.97,1493.19,855.00,373.30,TWD
2026-06-20,DTC,0.00,1711.32,806.00,427.83,TWD
2026-06-20,MARKETPLACE,5992.09,1198.42,825.00,299.60,TWD
2026-06-21,DTC,0.00,1949.62,936.00,487.40,TWD
2026-06-21,MARKETPLACE,8382.67,1676.53,990.00,419.13,TWD
2026-06-22,DTC,0.00,1297.60,715.00,324.40,TWD
2026-06-22,MARKETPLACE,8323.51,1664.70,1065.00,416.18,TWD
2026-06-23,DTC,0.00,1177.24,637.00,294.31,TWD
2026-06-23,MARKETPLACE,9361.76,1872.35,1110.00,468.09,TWD
2026-06-24,DTC,0.00,1384.13,702.00,346.03,TWD
2026-06-24,MARKETPLACE,6552.98,1310.60,870.00,327.65,TWD
2026-06-25,DTC,0.00,1418.03,806.00,354.51,TWD
2026-06-25,MARKETPLACE,7316.67,1463.33,900.00,365.83,TWD
2026-06-26,DTC,0.00,2007.69,988.00,501.92,TWD
2026-06-26,MARKETPLACE,6071.06,1214.21,975.00,303.55,TWD
2026-06-27,DTC,0.00,722.27,455.00,180.57,TWD
2026-06-27,MARKETPLACE,7284.63,1456.93,930.00,364.23,TWD
2026-06-28,DTC,0.00,1466.60,780.00,366.65,TWD
2026-06-28,MARKETPLACE,6032.73,1206.55,705.00,301.64,TWD
2026-06-29,DTC,0.00,1315.54,663.00,328.89,TWD
2026-06-29,MARKETPLACE,5730.95,1146.19,690.00,286.55,TWD
2026-06-30,DTC,0.00,1376.78,845.00,344.20,TWD
2026-06-30,MARKETPLACE,6615.36,1323.07,885.00,330.77,TWD
2026-07-01,DTC,0.00,1960.93,936.00,490.23,TWD
2026-07-01,MARKETPLACE,7891.59,1578.32,1020.00,394.58,TWD
2026-07-02,DTC,0.00,1561.74,884.00,390.44,TWD
2026-07-02,MARKETPLACE,6194.68,1238.94,795.00,309.73,TWD
2026-07-03,DTC,0.00,1220.74,689.00,305.19,TWD
2026-07-03,MARKETPLACE,6469.61,1293.92,795.00,323.48,TWD
2026-07-04,DTC,0.00,1670.71,910.00,417.68,TWD
2026-07-04,MARKETPLACE,6427.51,1285.50,810.00,321.38,TWD
2026-07-05,DTC,0.00,1618.16,871.00,404.54,TWD
2026-07-05,MARKETPLACE,4808.02,961.60,780.00,240.40,TWD
2026-07-06,DTC,0.00,1134.57,702.00,283.64,TWD
2026-07-06,MARKETPLACE,7698.90,1539.78,900.00,384.94,TWD
2026-07-07,DTC,0.00,1805.40,1001.00,451.35,TWD
2026-07-07,MARKETPLACE,6471.40,1294.28,915.00,323.57,TWD
2026-07-08,DTC,0.00,1320.47,715.00,330.12,TWD
2026-07-08,MARKETPLACE,6660.95,1332.19,870.00,333.05,TWD
2026-07-09,DTC,0.00,1253.03,715.00,313.26,TWD
2026-07-09,MARKETPLACE,8917.25,1783.45,1140.00,445.86,TWD
2026-07-10,DTC,0.00,1111.52,689.00,277.88,TWD
2026-07-10,MARKETPLACE,8103.88,1620.78,1005.00,405.19,TWD
2026-07-11,DTC,0.00,1448.32,754.00,362.08,TWD
2026-07-11,MARKETPLACE,9073.18,1814.64,1065.00,453.66,TWD
2026-07-12,DTC,0.00,1768.11,884.00,442.03,TWD
2026-07-12,MARKETPLACE,5520.83,1104.17,720.00,276.04,TWD
2026-07-13,DTC,0.00,2185.51,1488.00,546.38,TWD
2026-07-13,MARKETPLACE,12380.98,1768.71,2231.00,442.18,TWD
2026-07-14,DTC,0.00,1999.00,1328.00,499.75,TWD
2026-07-14,MARKETPLACE,11450.77,1635.82,1909.00,408.96,TWD
2026-07-15,DTC,0.00,1911.47,1344.00,477.87,TWD
2026-07-15,MARKETPLACE,11497.78,1642.54,2093.00,410.63,TWD
2026-07-16,DTC,0.00,1813.38,1280.00,453.34,TWD
2026-07-16,MARKETPLACE,11856.36,1693.77,2162.00,423.44,TWD
2026-07-17,DTC,0.00,1899.86,1232.00,474.97,TWD
2026-07-17,MARKETPLACE,12589.89,1798.56,2070.00,449.64,TWD
2026-07-18,DTC,0.00,2015.68,1376.00,503.92,TWD
2026-07-18,MARKETPLACE,13261.90,1894.56,2185.00,473.64,TWD
2026-07-19,DTC,0.00,1681.24,1280.00,420.31,TWD
2026-07-19,MARKETPLACE,12276.03,1753.72,2070.00,438.43,TWD
2026-07-20,DTC,0.00,1535.72,992.00,383.93,TWD
2026-07-20,MARKETPLACE,11214.99,1602.14,1909.00,400.54,TWD
2026-07-21,DTC,0.00,1565.73,1120.00,391.43,TWD
2026-07-21,MARKETPLACE,12833.78,1833.40,2323.00,458.35,TWD
2026-07-22,DTC,0.00,1456.49,1072.00,364.12,TWD
2026-07-22,MARKETPLACE,12071.10,1724.44,2208.00,431.11,TWD
2026-07-23,DTC,0.00,1569.58,1088.00,392.39,TWD
2026-07-23,MARKETPLACE,15596.59,2228.08,2576.00,557.02,TWD
2026-07-24,DTC,0.00,1696.24,1120.00,424.06,TWD
2026-07-24,MARKETPLACE,10831.22,1547.32,1863.00,386.83,TWD
2026-07-25,DTC,0.00,1546.19,1008.00,386.55,TWD
2026-07-25,MARKETPLACE,12317.13,1759.59,2208.00,439.90,TWD
2026-07-26,DTC,0.00,2052.47,1456.00,513.12,TWD
2026-07-26,MARKETPLACE,15192.79,2170.40,2599.00,542.60,TWD
2026-07-27,DTC,0.00,1802.55,1216.00,450.64,TWD
2026-07-27,MARKETPLACE,11936.71,1705.24,2024.00,426.31,TWD
2026-07-28,DTC,0.00,1964.28,1264.00,491.07,TWD
2026-07-28,MARKETPLACE,12339.01,1762.72,2162.00,440.68,TWD
2026-07-29,DTC,0.00,1624.97,1136.00,406.24,TWD
2026-07-29,MARKETPLACE,15198.64,2171.23,2668.00,542.81,TWD
2026-07-30,DTC,0.00,1617.87,1088.00,404.47,TWD
2026-07-30,MARKETPLACE,13670.57,1952.94,2461.00,488.23,TWD
2026-07-31,DTC,0.00,1997.02,1424.00,499.26,TWD
2026-07-31,MARKETPLACE,14930.94,2132.99,2461.00,533.25,TWD
2026-08-01,DTC,0.00,1855.56,1280.00,463.89,TWD
2026-08-01,MARKETPLACE,12403.70,1771.96,2070.00,442.99,TWD
2026-08-02,DTC,0.00,1782.09,1248.00,445.52,TWD
2026-08-02,MARKETPLACE,14850.74,2121.53,2415.00,530.38,TWD
2026-08-03,DTC,0.00,1956.83,1408.00,489.21,TWD
2026-08-03,MARKETPLACE,13811.54,1973.08,2254.00,493.27,TWD
2026-08-04,DTC,0.00,1931.33,1264.00,482.83,TWD
2026-08-04,MARKETPLACE,15119.56,2159.94,2622.00,539.98,TWD
2026-08-05,DTC,0.00,2024.13,1312.00,506.03,TWD
2026-08-05,MARKETPLACE,13371.37,1910.20,2323.00,477.55,TWD
2026-08-06,DTC,0.00,1727.66,1104.00,431.91,TWD
2026-08-06,MARKETPLACE,13423.87,1917.70,2300.00,479.42,TWD
2026-08-07,DTC,0.00,2046.93,1312.00,511.73,TWD
2026-08-07,MARKETPLACE,12411.09,1773.01,2070.00,443.25,TWD
2026-08-08,DTC,0.00,2043.84,1424.00,510.96,TWD
2026-08-08,MARKETPLACE,14678.34,2096.91,2323.00,524.23,TWD
2026-08-09,DTC,0.00,1548.63,1072.00,387.16,TWD
2026-08-09,MARKETPLACE,12334.31,1762.04,2116.00,440.51,TWD
2026-08-10,DTC,0.00,1815.25,1104.00,453.81,TWD
2026-08-10,MARKETPLACE,13598.81,1942.69,2323.00,485.67,TWD
2026-08-11,DTC,0.00,1548.26,1136.00,387.06,TWD
2026-08-11,MARKETPLACE,14864.76,2123.54,2438.00,530.88,TWD
2026-08-12,DTC,0.00,1935.79,1328.00,483.95,TWD
2026-08-12,MARKETPLACE,13551.17,1935.88,2231.00,483.97,TWD
2026-08-13,DTC,0.00,1938.70,1248.00,484.67,TWD
2026-08-13,MARKETPLACE,16689.02,2384.15,2806.00,596.04,TWD
2026-08-14,DTC,0.00,1958.91,1344.00,489.73,TWD
2026-08-14,MARKETPLACE,13461.46,1923.07,2139.00,480.77,TWD
2026-08-15,DTC,0.00,2096.92,1408.00,524.23,TWD
2026-08-15,MARKETPLACE,14244.27,2034.90,2300.00,508.72,TWD
2026-08-16,DTC,0.00,2060.01,1376.00,515.00,TWD
2026-08-16,MARKETPLACE,10510.64,1501.52,1886.00,375.38,TWD
2026-08-17,DTC,0.00,2055.87,1424.00,513.97,TWD
2026-08-17,MARKETPLACE,16085.64,2297.95,2645.00,574.49,TWD
2026-08-18,DTC,0.00,1802.27,1184.00,450.57,TWD
2026-08-18,MARKETPLACE,15811.78,2258.83,2783.00,564.71,TWD
2026-08-19,DTC,0.00,1802.00,1264.00,450.50,TWD
2026-08-19,MARKETPLACE,11838.93,1691.28,1909.00,422.82,TWD
2026-08-20,DTC,0.00,1522.23,1072.00,380.56,TWD
2026-08-20,MARKETPLACE,12810.28,1830.04,2323.00,457.51,TWD
2026-08-21,DTC,0.00,2030.97,1280.00,507.74,TWD
2026-08-21,MARKETPLACE,12481.89,1783.13,1978.00,445.78,TWD
2026-08-22,DTC,0.00,1688.42,1232.00,422.11,TWD
2026-08-22,MARKETPLACE,13037.79,1862.54,2277.00,465.64,TWD
2026-08-23,DTC,0.00,2507.88,1632.00,626.97,TWD
2026-08-23,MARKETPLACE,10943.89,1563.41,2093.00,390.85,TWD
