date,channel,sku,category,units_sold,gross_sales,discounts,refunds,cogs_net,currency
2026-08-01,DTC,TEST,合成驗收,1,100,0,0,40,TWD
2026-08-02,DTC,TEST,合成驗收,1,100,0,0,40,TWD
2026-08-03,DTC,TEST,合成驗收,1,100,0,0,40,TWD
2026-08-04,DTC,TEST,合成驗收,1,100,0,0,40,TWD
2026-08-05,DTC,TEST,合成驗收,1,100,0,0,40,TWD
2026-08-06,DTC,TEST,合成驗收,1,100,0,0,40,TWD
2026-08-07,DTC,TEST,合成驗收,1,100,0,0,40,TWD
2026-08-08,DTC,TEST,合成驗收,1,100,0,0,40,TWD
2026-08-09,DTC,TEST,合成驗收,1,100,0,0,40,TWD
2026-08-10,DTC,TEST,合成驗收,1,100,0,0,40,TWD
2026-08-11,DTC,TEST,合成驗收,1,100,0,0,40,TWD
2026-08-12,DTC,TEST,合成驗收,1,100,0,0,40,TWD
2026-08-13,DTC,TEST,合成驗收,1,100,0,0,40,TWD
2026-08-14,DTC,TEST,合成驗收,1,100,0,0,40,TWD
2026-08-15,DTC,TEST,合成驗收,1,100,0,0,40,TWD
2026-08-16,DTC,TEST,合成驗收,1,100,0,0,40,TWD
2026-08-17,DTC,TEST,合成驗收,1,100,0,0,40,TWD
2026-08-18,DTC,TEST,合成驗收,1,100,0,0,40,TWD
2026-08-19,DTC,TEST,合成驗收,1,100,0,0,40,TWD
2026-08-20,DTC,TEST,合成驗收,1,100,0,0,40,TWD
2026-08-21,DTC,TEST,合成驗收,1,100,0,0,40,TWD
2026-08-22,DTC,TEST,合成驗收,1,100,0,0,40,TWD
2026-08-23,DTC,TEST,合成驗收,1,100,0,0,40,TWD
2026-08-24,DTC,TEST,合成驗收,1,100,0,0,40,TWD
2026-08-25,DTC,TEST,合成驗收,1,100,0,0,40,TWD
2026-08-26,DTC,TEST,合成驗收,1,100,0,0,40,TWD
2026-08-27,DTC,TEST,合成驗收,1,100,0,0,40,TWD
2026-08-28,DTC,TEST,合成驗收,1,100,0,0,40,TWD
2026-08-29,DTC,TEST,合成驗收,1,100,0,0,40,TWD
2026-08-30,DTC,TEST,合成驗收,1,100,0,0,40,TWD
2026-08-31,DTC,TEST,合成驗收,1,100,0,0,40,TWD
2026-09-01,DTC,TEST,合成驗收,1,100,0,0,40,TWD
2026-09-02,DTC,TEST,合成驗收,1,100,0,0,40,TWD
2026-09-03,DTC,TEST,合成驗收,1,100,0,0,40,TWD
2026-09-04,DTC,TEST,合成驗收,1,100,0,0,40,TWD
2026-09-05,DTC,TEST,合成驗收,1,100,0,0,40,TWD
2026-09-06,DTC,TEST,合成驗收,1,100,0,0,40,TWD
2026-09-07,DTC,TEST,合成驗收,1,100,0,0,40,TWD
2026-09-08,DTC,TEST,合成驗收,1,100,0,0,40,TWD
2026-09-09,DTC,TEST,合成驗收,1,100,0,0,40,TWD
2026-09-10,DTC,TEST,合成驗收,1,100,0,0,40,TWD
2026-09-11,DTC,TEST,合成驗收,1,100,0,0,40,TWD
2026-09-12,DTC,TEST,合成驗收,1,100,0,0,40,TWD
2026-09-13,DTC,TEST,合成驗收,1,100,0,0,40,TWD
2026-09-14,DTC,TEST,合成驗收,1,100,0,0,40,TWD
2026-09-15,DTC,TEST,合成驗收,1,100,0,0,40,TWD
2026-09-16,DTC,TEST,合成驗收,1,100,0,0,40,TWD
2026-09-17,DTC,TEST,合成驗收,1,100,0,0,40,TWD
2026-09-18,DTC,TEST,合成驗收,1,100,0,0,40,TWD
2026-09-19,DTC,TEST,合成驗收,1,100,0,0,40,TWD
2026-09-20,DTC,TEST,合成驗收,1,100,0,0,40,TWD
2026-09-21,DTC,TEST,合成驗收,1,100,0,0,40,TWD
2026-09-22,DTC,TEST,合成驗收,1,100,0,0,40,TWD
2026-09-23,DTC,TEST,合成驗收,1,100,0,0,40,TWD
2026-09-24,DTC,TEST,合成驗收,1,100,0,0,40,TWD
2026-09-25,DTC,TEST,合成驗收,1,100,0,0,40,TWD
2026-09-26,DTC,TEST,合成驗收,1,100,0,0,40,TWD
2026-09-27,DTC,TEST,合成驗收,1,100,0,0,40,TWD
2026-09-28,DTC,TEST,合成驗收,1,100,0,0,40,TWD
2026-09-29,DTC,TEST,合成驗收,1,100,0,0,40,TWD
2026-09-30,DTC,TEST,合成驗收,1,100,0,0,40,TWD
